ticket_number,child_name,class,contact_number,ticket_price,prize,status
LT-001,,,,,,Available
LT-002,,,,,,Available
LT-003,,,,,,Available
LT-004,,,,,,Available
LT-005,,,,,,Available
LT-006,,,,,,Available
LT-007,,,,,,Available
LT-008,,,,,,Available
LT-009,,,,,,Available
LT-010,,,,,,Available
LT-011,,,,,,Available
LT-012,,,,,,Available
LT-013,,,,,,Available
LT-014,,,,,,Available
LT-015,,,,,,Available
LT-016,,,,,,Available
LT-017,,,,,,Available
LT-018,,,,,,Available
LT-019,,,,,,Available
LT-020,,,,,,Available
LT-021,,,,,,Available
LT-022,,,,,,Available
LT-023,,,,,,Available
LT-024,,,,,,Available
LT-025,,,,,,Available
LT-026,,,,,,Available
LT-027,,,,,,Available
LT-028,,,,,,Available
LT-029,,,,,,Available
LT-030,,,,,,Available
LT-031,,,,,,Available
LT-032,,,,,,Available
LT-033,,,,,,Available
LT-034,,,,,,Available
LT-035,,,,,,Available
LT-036,,,,,,Available
LT-037,,,,,,Available
LT-038,,,,,,Available
LT-039,,,,,,Available
LT-040,,,,,,Available
LT-041,,,,,,Available
LT-042,,,,,,Available
LT-043,,,,,,Available
LT-044,,,,,,Available
LT-045,,,,,,Available
LT-046,,,,,,Available
LT-047,,,,,,Available
LT-048,,,,,,Available
LT-049,,,,,,Available
LT-050,,,,,,Available
LT-051,,,,,,Available
LT-052,,,,,,Available
LT-053,,,,,,Available
LT-054,,,,,,Available
LT-055,,,,,,Available
LT-056,,,,,,Available
LT-057,,,,,,Available
LT-058,,,,,,Available
LT-059,,,,,,Available
LT-060,,,,,,Available
LT-061,,,,,,Available
LT-062,,,,,,Available
LT-063,,,,,,Available
LT-064,,,,,,Available
LT-065,,,,,,Available
LT-066,,,,,,Available
LT-067,,,,,,Available
LT-068,,,,,,Available
LT-069,,,,,,Available
LT-070,,,,,,Available
LT-071,,,,,,Available
LT-072,,,,,,Available
LT-073,,,,,,Available
LT-074,,,,,,Available
LT-075,,,,,,Available
LT-076,,,,,,Available
LT-077,,,,,,Available
LT-078,,,,,,Available
LT-079,,,,,,Available
LT-080,,,,,,Available
LT-081,,,,,,Available
LT-082,,,,,,Available
LT-083,,,,,,Available
LT-084,,,,,,Available
LT-085,,,,,,Available
LT-086,,,,,,Available
LT-087,,,,,,Available
LT-088,,,,,,Available
LT-089,,,,,,Available
LT-090,,,,,,Available
LT-091,,,,,,Available
LT-092,,,,,,Available
LT-093,,,,,,Available
LT-094,,,,,,Available
LT-095,,,,,,Available
LT-096,,,,,,Available
LT-097,,,,,,Available
LT-098,,,,,,Available
LT-099,,,,,,Available
LT-100,,,,,,Available
LT-101,,,,,,Available
LT-102,,,,,,Available
LT-103,,,,,,Available
LT-104,,,,,,Available
LT-105,,,,,,Available
LT-106,,,,,,Available
LT-107,,,,,,Available
LT-108,,,,,,Available
LT-109,,,,,,Available
LT-110,,,,,,Available
LT-111,,,,,,Available
LT-112,,,,,,Available
LT-113,,,,,,Available
LT-114,,,,,,Available
LT-115,,,,,,Available
LT-116,,,,,,Available
LT-117,,,,,,Available
LT-118,,,,,,Available
LT-119,,,,,,Available
LT-120,,,,,,Available
LT-121,,,,,,Available
LT-122,,,,,,Available
LT-123,,,,,,Available
LT-124,,,,,,Available
LT-125,,,,,,Available
LT-126,,,,,,Available
LT-127,,,,,,Available
LT-128,,,,,,Available
LT-129,,,,,,Available
LT-130,,,,,,Available
LT-131,,,,,,Available
LT-132,,,,,,Available
LT-133,,,,,,Available
LT-134,,,,,,Available
LT-135,,,,,,Available
LT-136,,,,,,Available
LT-137,,,,,,Available
LT-138,,,,,,Available
LT-139,,,,,,Available
LT-140,,,,,,Available
LT-141,,,,,,Available
LT-142,,,,,,Available
LT-143,,,,,,Available
LT-144,,,,,,Available
LT-145,,,,,,Available
LT-146,,,,,,Available
LT-147,,,,,,Available
LT-148,,,,,,Available
LT-149,,,,,,Available
LT-150,,,,,,Available
LT-151,,,,,,Available
LT-152,,,,,,Available
LT-153,,,,,,Available
LT-154,,,,,,Available
LT-155,,,,,,Available
LT-156,,,,,,Available
LT-157,,,,,,Available
LT-158,,,,,,Available
LT-159,,,,,,Available
LT-160,,,,,,Available
LT-161,,,,,,Available
LT-162,,,,,,Available
LT-163,,,,,,Available
LT-164,,,,,,Available
LT-165,,,,,,Available
LT-166,,,,,,Available
LT-167,,,,,,Available
LT-168,,,,,,Available
LT-169,,,,,,Available
LT-170,,,,,,Available
LT-171,,,,,,Available
LT-172,,,,,,Available
LT-173,,,,,,Available
LT-174,,,,,,Available
LT-175,,,,,,Available
LT-176,,,,,,Available
LT-177,,,,,,Available
LT-178,,,,,,Available
LT-179,,,,,,Available
LT-180,,,,,,Available
LT-181,,,,,,Available
LT-182,,,,,,Available
LT-183,,,,,,Available
LT-184,,,,,,Available
LT-185,,,,,,Available
LT-186,,,,,,Available
LT-187,,,,,,Available
LT-188,,,,,,Available
LT-189,,,,,,Available
LT-190,,,,,,Available
LT-191,,,,,,Available
LT-192,,,,,,Available
LT-193,,,,,,Available
LT-194,,,,,,Available
LT-195,,,,,,Available
LT-196,,,,,,Available
LT-197,,,,,,Available
LT-198,,,,,,Available
LT-199,,,,,,Available
LT-200,,,,,,Available
LT-201,,,,,,Available
LT-202,,,,,,Available
LT-203,,,,,,Available
LT-204,,,,,,Available
LT-205,,,,,,Available
LT-206,,,,,,Available
LT-207,,,,,,Available
LT-208,,,,,,Available
LT-209,,,,,,Available
LT-210,,,,,,Available
LT-211,,,,,,Available
LT-212,,,,,,Available
LT-213,,,,,,Available
LT-214,,,,,,Available
LT-215,,,,,,Available
LT-216,,,,,,Available
LT-217,,,,,,Available
LT-218,,,,,,Available
LT-219,,,,,,Available
LT-220,,,,,,Available
LT-221,,,,,,Available
LT-222,,,,,,Available
LT-223,,,,,,Available
LT-224,,,,,,Available
LT-225,,,,,,Available
LT-226,,,,,,Available
LT-227,,,,,,Available
LT-228,,,,,,Available
LT-229,,,,,,Available
LT-230,,,,,,Available
LT-231,,,,,,Available
LT-232,,,,,,Available
LT-233,,,,,,Available
LT-234,,,,,,Available
LT-235,,,,,,Available
LT-236,,,,,,Available
LT-237,,,,,,Available
LT-238,,,,,,Available
LT-239,,,,,,Available
LT-240,,,,,,Available
LT-241,,,,,,Available
LT-242,,,,,,Available
LT-243,,,,,,Available
LT-244,,,,,,Available
LT-245,,,,,,Available
LT-246,,,,,,Available
LT-247,,,,,,Available
LT-248,,,,,,Available
LT-249,,,,,,Available
LT-250,,,,,,Available
LT-251,,,,,,Available
LT-252,,,,,,Available
LT-253,,,,,,Available
LT-254,,,,,,Available
LT-255,,,,,,Available
LT-256,,,,,,Available
LT-257,,,,,,Available
LT-258,,,,,,Available
LT-259,,,,,,Available
LT-260,,,,,,Available
LT-261,,,,,,Available
LT-262,,,,,,Available
LT-263,,,,,,Available
LT-264,,,,,,Available
LT-265,,,,,,Available
LT-266,,,,,,Available
LT-267,,,,,,Available
LT-268,,,,,,Available
LT-269,,,,,,Available
LT-270,,,,,,Available
LT-271,,,,,,Available
LT-272,,,,,,Available
LT-273,,,,,,Available
LT-274,,,,,,Available
LT-275,,,,,,Available
LT-276,,,,,,Available
LT-277,,,,,,Available
LT-278,,,,,,Available
LT-279,,,,,,Available
LT-280,,,,,,Available
LT-281,,,,,,Available
LT-282,,,,,,Available
LT-283,,,,,,Available
LT-284,,,,,,Available
LT-285,,,,,,Available
LT-286,,,,,,Available
LT-287,,,,,,Available
LT-288,,,,,,Available
LT-289,,,,,,Available
LT-290,,,,,,Available
LT-291,,,,,,Available
LT-292,,,,,,Available
LT-293,,,,,,Available
LT-294,,,,,,Available
LT-295,,,,,,Available
LT-296,,,,,,Available
LT-297,,,,,,Available
LT-298,,,,,,Available
LT-299,,,,,,Available
LT-300,,,,,,Available